"Protein","Missing_Rate_Percent"
"A4GALT",95.9731543624161
"A4GNT",94.6308724832215
"AATK",75.1677852348993
"ABCA2",81.8791946308725
"ABCA9",83.2214765100671
"ABCC11",78.5234899328859
"ABCC2",73.8255033557047
"ABCC5",95.9731543624161
"ABCC8",84.5637583892617
"ABCC9",83.2214765100671
"ABCG2",69.7986577181208
"ABHD13",51.006711409396
"ABHD17A",83.8926174496644
"ABHD18",91.9463087248322
"ABHD3",56.3758389261745
"ABO",63.0872483221477
"ABTB1",61.744966442953
"AC007906.2",93.9597315436242
"AC011005.1",85.2348993288591
"AC011195.3",95.9731543624161
"AC073111.4",52.3489932885906
"AC099489.1",62.4161073825503
"ACBD4",69.1275167785235
"ACBD7",71.8120805369127
"ACD",75.1677852348993
"ACHE",95.9731543624161
"ACKR1",89.261744966443
"ACOT4",79.1946308724832
"ACOT6",71.1409395973154
"ACSM5",90.6040268456376
"ACSM6",62.4161073825503
"ACTA2",55.7046979865772
"ACTG2",69.1275167785235
"ACTL6B",95.9731543624161
"ACTL8",89.9328859060403
"ACVRL1",70.4697986577181
"ADAM12",74.496644295302
"ADAMTS1",66.4429530201342
"ADAMTS13",79.1946308724832
"ADAMTS16",85.9060402684564
"ADAMTS8",93.9597315436242
"ADAT2",52.3489932885906
"ADCK2",73.8255033557047
"ADCK5",68.4563758389262
"ADCY5",85.2348993288591
"ADCY7",84.5637583892617
"ADGRA3",77.8523489932886
"ADGRB3",95.9731543624161
"ADGRD1",95.9731543624161
"ADGRE3",88.5906040268456
"ADGRF1",66.4429530201342
"ADGRG2",55.7046979865772
"ADGRG3",71.1409395973154
"ADGRG5",95.9731543624161
"ADGRG7",82.5503355704698
"ADGRL3",62.4161073825503
"ADGRL4",51.6778523489933
"ADGRV1",92.6174496644295
"ADHFE1",73.8255033557047
"ADIPOR1",77.8523489932886
"ADIPOR2",92.6174496644295
"ADM",91.9463087248322
"AEBP2",87.248322147651
"AFAP1L1",70.4697986577181
"AGGF1",73.1543624161074
"AGO4",76.510067114094
"AGPAT4",51.006711409396
"AHI1",88.5906040268456
"AJUBA",53.0201342281879
"AK5",75.1677852348993
"AKAP5",72.4832214765101
"AKIP1",95.9731543624161
"AKR1C4",72.4832214765101
"AL022312.1",55.7046979865772
"ALDOA",64.4295302013423
"ALKBH2",85.2348993288591
"ALKBH6",89.261744966443
"ALKBH7",53.0201342281879
"ALPG",73.8255033557047
"ALPI",59.0604026845638
"ALPK1",52.3489932885906
"ALPK2",88.5906040268456
"ALPK3",51.006711409396
"ALPP",81.8791946308725
"ALS2CL",57.7181208053691
"AMER1",67.7852348993289
"AMFR",53.0201342281879
"AMIGO2",78.5234899328859
"AMOT",55.7046979865772
"AMPD1",91.9463087248322
"ANAPC11",79.8657718120805
"ANAPC15",81.2080536912752
"ANGEL1",57.0469798657718
"ANGPT1",96.6442953020134
"ANGPT2",59.0604026845638
"ANGPTL1",56.3758389261745
"ANGPTL3",83.8926174496644
"ANGPTL6",92.6174496644295
"ANKEF1",88.5906040268456
"ANKH",77.1812080536913
"ANKHD1",61.744966442953
"ANKRD13C",85.2348993288591
"ANKRD2",83.8926174496644
"ANKRD29",93.9597315436242
"ANKRD36",96.6442953020134
"ANKRD39",84.5637583892617
"ANKRD40",63.0872483221477
"ANKRD46",63.0872483221477
"ANKS3",62.4161073825503
"ANO8",75.1677852348993
"ANO9",55.0335570469799
"ANTKMT",94.6308724832215
"ANXA5",96.6442953020134
"AP1AR",69.1275167785235
"AP3S2",88.5906040268456
"APCDD1",96.6442953020134
"APEX2",97.9865771812081
"APLP1",71.1409395973154
"APOA5",65.1006711409396
"APOBEC3A",77.8523489932886
"APOBEC3B",89.261744966443
"APOL4",96.6442953020134
"APOL6",72.4832214765101
"APPBP2",68.4563758389262
"AREG",90.6040268456376
"AREL1",96.6442953020134
"ARG2",87.9194630872483
"ARHGAP23",54.3624161073826
"ARHGAP28",84.5637583892617
"ARHGAP39",53.0201342281879
"ARHGEF15",62.4161073825503
"ARHGEF26",69.1275167785235
"ARHGEF3",50.3355704697987
"ARHGEF38",87.248322147651
"ARID3B",86.5771812080537
"ARL11",86.5771812080537
"ARL13B",85.2348993288591
"ARL5A",69.7986577181208
"ARMC7",91.2751677852349
"ARMCX4",55.0335570469799
"ARMCX5",70.4697986577181
"ARNTL",62.4161073825503
"ARSJ",77.8523489932886
"ARSK",84.5637583892617
"ARV1",56.3758389261745
"ARX",69.7986577181208
"ASAH2",79.8657718120805
"ASB13",95.9731543624161
"ASB3",85.9060402684564
"ASB6",60.4026845637584
"ASB7",89.261744966443
"ASB8",95.9731543624161
"ASDURF",58.3892617449664
"ASF1B",75.1677852348993
"ASGR2",82.5503355704698
"ASH1L",56.3758389261745
"ASPHD1",87.9194630872483
"ASPHD2",92.6174496644295
"ASPM",93.9597315436242
"ASTE1",54.3624161073826
"ASXL1",86.5771812080537
"ATAD5",72.4832214765101
"ATF3",81.8791946308725
"ATF6",54.3624161073826
"ATF6B",93.2885906040269
"ATG10",93.2885906040269
"ATP10B",85.9060402684564
"ATP13A4",89.9328859060403
"ATP1B2",93.9597315436242
"ATP2B3",91.9463087248322
"ATP4A",82.5503355704698
"ATP5MF",55.7046979865772
"ATP6V0C",91.2751677852349
"ATP6V0D2",92.6174496644295
"ATP8B2",96.6442953020134
"ATRNL1",85.9060402684564
"ATXN7",58.3892617449664
"AURKA",73.8255033557047
"AURKAIP1",55.0335570469799
"AURKB",57.7181208053691
"AXIN1",85.2348993288591
"B3GALNT1",77.1812080536913
"B3GALNT2",71.8120805369127
"B3GNT8",81.8791946308725
"B3GNT9",76.510067114094
"B3GNTL1",60.4026845637584
"B4GALNT3",89.9328859060403
"B4GALT3",53.0201342281879
"B4GALT5",68.4563758389262
"B9D2",69.1275167785235
"BAAT",89.9328859060403
"BACE1",60.4026845637584
"BACE2",62.4161073825503
"BAHD1",76.510067114094
"BAIAP2L2",51.006711409396
"BARD1",71.8120805369127
"BBIP1",57.7181208053691
"BBOX1",86.5771812080537
"BBS1",92.6174496644295
"BCDIN3D",63.758389261745
"BCL11A",88.5906040268456
"BCL2",94.6308724832215
"BCL2L11",85.2348993288591
"BCL2L12",96.6442953020134
"BCO1",63.0872483221477
"BCORL1",50.3355704697987
"BDP1",86.5771812080537
"BEGAIN",85.9060402684564
"BEND7",82.5503355704698
"BFAR",79.1946308724832
"BHLHE40",53.0201342281879
"BHLHE41",86.5771812080537
"BHMT",93.2885906040269
"BHMT2",89.9328859060403
"BIRC3",89.261744966443
"BIRC5",84.5637583892617
"BLK",96.6442953020134
"BLM",79.1946308724832
"BMERB1",71.1409395973154
"BMP2",95.9731543624161
"BMP4",95.3020134228188
"BMPR2",73.8255033557047
"BMT2",86.5771812080537
"BMX",55.7046979865772
"BNIP3L",67.1140939597315
"BNIP5",67.1140939597315
"BPIFA1",95.9731543624161
"BRCA1",73.8255033557047
"BRCA2",59.7315436241611
"BRPF3",79.1946308724832
"BRWD3",68.4563758389262
"BSCL2",57.0469798657718
"BSN",74.496644295302
"BTBD10",91.9463087248322
"BTBD11",61.0738255033557
"BTBD3",95.3020134228188
"BTBD9",81.8791946308725
"BTN2A1",67.7852348993289
"BTN3A1",81.8791946308725
"BUB1",93.2885906040269
"BUB1B",79.8657718120805
"C10orf88",58.3892617449664
"C11orf53",95.9731543624161
"C12orf49",95.3020134228188
"C12orf65",84.5637583892617
"C12orf73",63.0872483221477
"C14orf93",85.9060402684564
"C15orf39",50.3355704697987
"C15orf41",90.6040268456376
"C16orf72",81.2080536912752
"C16orf74",97.9865771812081
"C16orf86",68.4563758389262
"C16orf89",97.9865771812081
"C17orf100",73.8255033557047
"C17orf49",61.744966442953
"C19orf38",89.9328859060403
"C19orf54",91.9463087248322
"C1QL1",91.9463087248322
"C1QTNF2",93.9597315436242
"C1QTNF7",77.8523489932886
"C1orf112",84.5637583892617
"C1orf131",62.4161073825503
"C1orf21",70.4697986577181
"C1orf210",50.3355704697987
"C1orf43",93.2885906040269
"C1orf53",75.8389261744966
"C20orf194",76.510067114094
"C22orf39",96.6442953020134
"C2CD3",55.0335570469799
"C2CD4B",85.9060402684564
"C2orf42",63.758389261745
"C2orf68",57.0469798657718
"C2orf72",76.510067114094
"C3AR1",62.4161073825503
"C3orf33",83.8926174496644
"C3orf52",72.4832214765101
"C5orf15",58.3892617449664
"C6orf136",79.8657718120805
"C6orf15",59.7315436241611
"C6orf58",76.510067114094
"C8orf76",95.9731543624161
"C9orf152",64.4295302013423
"C9orf40",60.4026845637584
"C9orf85",89.9328859060403
"CACFD1",93.2885906040269
"CACHD1",77.8523489932886
"CACNB3",89.261744966443
"CADM2",96.6442953020134
"CADM3",63.758389261745
"CALCB",91.9463087248322
"CALCRL",54.3624161073826
"CALHM2",93.9597315436242
"CALHM6",77.8523489932886
"CALML5",71.1409395973154
"CAMTA2",95.9731543624161
"CAPN13",84.5637583892617
"CAPNS2",85.2348993288591
"CAPRIN2",87.248322147651
"CARTPT",57.0469798657718
"CASD1",96.6442953020134
"CASP14",60.4026845637584
"CASP8AP2",69.1275167785235
"CASQ2",89.261744966443
"CASTOR1",93.9597315436242
"CBFA2T2",77.1812080536913
"CBFA2T3",85.9060402684564
"CBWD2",96.6442953020134
"CBX2",80.5369127516778
"CBX7",76.510067114094
"CBY1",84.5637583892617
"CC2D2A",83.2214765100671
"CCDC107",75.8389261744966
"CCDC120",92.6174496644295
"CCDC125",93.9597315436242
"CCDC130",67.7852348993289
"CCDC138",92.6174496644295
"CCDC141",51.6778523489933
"CCDC167",88.5906040268456
"CCDC170",67.7852348993289
"CCDC18",87.9194630872483
"CCDC182",90.6040268456376
"CCDC3",95.9731543624161
"CCDC57",71.8120805369127
"CCDC59",53.0201342281879
"CCDC66",79.1946308724832
"CCDC68",70.4697986577181
"CCDC69",66.4429530201342
"CCDC71",71.1409395973154
"CCDC84",93.9597315436242
"CCDC85A",65.7718120805369
"CCDC85B",57.0469798657718
"CCKAR",92.6174496644295
"CCL16",71.8120805369127
"CCL17",92.6174496644295
"CCL20",51.6778523489933
"CCL24",75.8389261744966
"CCL25",91.9463087248322
"CCL28",87.248322147651
"CCN4",61.0738255033557
"CCNA2",77.1812080536913
"CCNB1",66.4429530201342
"CCNB2",79.1946308724832
"CCNC",93.9597315436242
"CCND1",69.7986577181208
"CCND2",91.2751677852349
"CCNDBP1",69.1275167785235
"CCNE2",97.9865771812081
"CCR1",63.758389261745
"CCR10",95.9731543624161
"CCRL2",76.510067114094
"CCSER1",83.8926174496644
"CCSER2",56.3758389261745
"CD19",91.2751677852349
"CD1A",84.5637583892617
"CD200R1",96.6442953020134
"CD207",51.6778523489933
"CD22",81.2080536912752
"CD27",72.4832214765101
"CD274",60.4026845637584
"CD28",95.3020134228188
"CD300LF",79.1946308724832
"CD320",79.1946308724832
"CD37",95.9731543624161
"CD3D",61.744966442953
"CD68",96.6442953020134
"CD69",80.5369127516778
"CD7",71.8120805369127
"CD70",85.2348993288591
"CD72",76.510067114094
"CD83",96.6442953020134
"CDAN1",63.758389261745
"CDC20",65.1006711409396
"CDC25C",84.5637583892617
"CDC42SE1",60.4026845637584
"CDC45",82.5503355704698
"CDCA2",72.4832214765101
"CDCA3",92.6174496644295
"CDCA5",82.5503355704698
"CDCA7",92.6174496644295
"CDCA7L",93.9597315436242
"CDCA8",85.9060402684564
"CDH19",81.8791946308725
"CDHR5",53.6912751677852
"CDK10",71.8120805369127
"CDK19",74.496644295302
"CDK20",87.248322147651
"CDK3",93.2885906040269
"CDK8",61.744966442953
"CDKN1A",77.8523489932886
"CDKN1C",79.1946308724832
"CDKN2A",83.8926174496644
"CDKN2D",78.5234899328859
"CDON",91.2751677852349
"CDX1",95.3020134228188
"CEBPA",95.3020134228188
"CEBPD",57.0469798657718
"CEBPG",89.261744966443
"CELSR2",92.6174496644295
"CEND1",72.4832214765101
"CENPK",88.5906040268456
"CENPM",53.0201342281879
"CENPN",85.9060402684564
"CENPQ",93.2885906040269
"CENPT",85.9060402684564
"CENPU",92.6174496644295
"CEP152",63.0872483221477
"CEP70",88.5906040268456
"CEP78",54.3624161073826
"CEP83",83.8926174496644
"CEP89",67.7852348993289
"CEP95",57.7181208053691
"CERK",85.9060402684564
"CETP",75.1677852348993
"CFAP410",52.3489932885906
"CFAP61",72.4832214765101
"CFHR4",51.6778523489933
"CGRRF1",96.6442953020134
"CHAD",73.1543624161074
"CHAF1B",56.3758389261745
"CHD7",80.5369127516778
"CHEK1",52.3489932885906
"CHP2",83.8926174496644
"CHPT1",71.8120805369127
"CHRDL2",73.8255033557047
"CHRM3",83.2214765100671
"CHST15",84.5637583892617
"CHST6",88.5906040268456
"CHSY3",75.1677852348993
"CHTF8",87.248322147651
"CHURC1",57.7181208053691
"CILK1",86.5771812080537
"CITED2",79.8657718120805
"CKAP2",53.6912751677852
"CKAP2L",73.1543624161074
"CKLF",95.9731543624161
"CKS2",89.9328859060403
"CLCA2",84.5637583892617
"CLCA4",81.8791946308725
"CLCN2",95.9731543624161
"CLCN5",75.8389261744966
"CLCN6",87.248322147651
"CLDN12",84.5637583892617
"CLDN15",93.2885906040269
"CLDN23",67.7852348993289
"CLDN5",84.5637583892617
"CLEC10A",93.9597315436242
"CLEC12A",90.6040268456376
"CLEC2B",75.1677852348993
"CLEC4A",94.6308724832215
"CLEC4E",93.9597315436242
"CLEC4M",95.9731543624161
"CLEC7A",85.9060402684564
"CLGN",83.8926174496644
"CLIP4",92.6174496644295
"CLK1",65.7718120805369
"CLK2",64.4295302013423
"CLMP",93.2885906040269
"CLN8",87.248322147651
"CLOCK",61.0738255033557
"CLRN3",91.2751677852349
"CLSPN",89.261744966443
"CLSTN2",76.510067114094
"CLSTN3",59.7315436241611
"CLTCL1",81.2080536912752
"CMTM6",51.006711409396
"CMTM7",52.3489932885906
"CNEP1R1",57.7181208053691
"CNIH1",87.9194630872483
"CNKSR3",91.2751677852349
"CNNM2",79.8657718120805
"CNOT6",81.2080536912752
"CNPY1",95.9731543624161
"CNTLN",58.3892617449664
"CNTN4",86.5771812080537
"COA1",53.6912751677852
"COL21A1",71.8120805369127
"COL27A1",92.6174496644295
"COL6A5",73.8255033557047
"COL8A2",89.261744966443
"COLEC10",73.1543624161074
"COLGALT2",55.7046979865772
"COMMD7",93.9597315436242
"COPS9",94.6308724832215
"COQ10A",76.510067114094
"COQ4",69.1275167785235
"CORO6",96.6442953020134
"COX14",79.1946308724832
"COX18",77.1812080536913
"CPA4",74.496644295302
"CPEB2",69.1275167785235
"CPEB3",65.1006711409396
"CPLX1",74.496644295302
"CPNE6",88.5906040268456
"CPT1C",95.9731543624161
"CR1",61.744966442953
"CRB2",93.9597315436242
"CREB3L1",79.8657718120805
"CREB5",93.9597315436242
"CREM",63.758389261745
"CRH",57.0469798657718
"CRHBP",89.9328859060403
"CRISPLD1",82.5503355704698
"CROCC2",75.1677852348993
"CRY1",96.6442953020134
"CRY2",75.8389261744966
"CRYBA2",95.9731543624161
"CSAD",76.510067114094
"CSDC2",83.2214765100671
"CSF2RA",96.6442953020134
"CSGALNACT1",69.1275167785235
"CSMD2",95.9731543624161
"CSNK1G2",53.6912751677852
"CSPP1",81.8791946308725
"CST2",85.2348993288591
"CST4",89.261744966443
"CST7",91.9463087248322
"CTC1",81.2080536912752
"CTDNEP1",50.3355704697987
"CTDSP2",87.9194630872483
"CTF1",93.2885906040269
"CTNNA3",97.9865771812081
"CTSV",81.2080536912752
"CTSW",55.7046979865772
"CTTNBP2",89.261744966443
"CUX2",73.8255033557047
"CXCL1",57.0469798657718
"CXCL10",72.4832214765101
"CXCL13",73.1543624161074
"CXCL16",69.1275167785235
"CXCL6",51.6778523489933
"CXCL9",96.6442953020134
"CXorf21",96.6442953020134
"CYB5A",73.8255033557047
"CYP24A1",83.2214765100671
"CYP2C18",79.1946308724832
"CYP2C19",87.248322147651
"CYP2C9",84.5637583892617
"CYP2J2",65.7718120805369
"CYP2W1",81.8791946308725
"CYP3A4",69.1275167785235
"CYP4F2",87.248322147651
"CYP4V2",82.5503355704698
"CYP4X1",61.0738255033557
"CYREN",65.1006711409396
"CYS1",85.2348993288591
"CYSRT1",93.9597315436242
"DAB1",81.8791946308725
"DACH1",95.3020134228188
"DACT1",84.5637583892617
"DACT3",56.3758389261745
"DAGLA",52.3489932885906
"DALRD3",89.261744966443
"DBF4B",94.6308724832215
"DBH",60.4026845637584
"DBNDD1",96.6442953020134
"DBP",74.496644295302
"DCAF12L1",87.248322147651
"DCAF15",77.1812080536913
"DCLRE1C",81.8791946308725
"DCX",50.3355704697987
"DDX11",63.0872483221477
"DDX43",79.8657718120805
"DEAF1",73.8255033557047
"DEFB1",51.006711409396
"DEGS2",87.9194630872483
"DENND2A",85.9060402684564
"DESI2",50.3355704697987
"DGCR2",61.0738255033557
"DGCR6",95.9731543624161
"DGKD",61.0738255033557
"DGKG",96.6442953020134
"DHDDS",88.5906040268456
"DHX34",54.3624161073826
"DIAPH3",72.4832214765101
"DIPK2B",61.744966442953
"DIRAS2",95.9731543624161
"DISC1",89.9328859060403
"DISP1",89.261744966443
"DISP2",89.9328859060403
"DKK1",65.7718120805369
"DKK4",96.6442953020134
"DLG2",63.758389261745
"DLG4",93.2885906040269
"DLK1",95.9731543624161
"DMGDH",96.6442953020134
"DMKN",94.6308724832215
"DMPK",74.496644295302
"DMWD",96.6442953020134
"DNAJC14",50.3355704697987
"DNAJC15",81.8791946308725
"DNAJC24",55.7046979865772
"DNALI1",85.9060402684564
"DNLZ",58.3892617449664
"DNM3",50.3355704697987
"DNTT",93.2885906040269
"DOK4",85.9060402684564
"DOK7",93.9597315436242
"DOLPP1",69.1275167785235
"DONSON",95.3020134228188
"DOT1L",68.4563758389262
"DPEP2",81.8791946308725
"DPF3",84.5637583892617
"DPH3",50.3355704697987
"DPP10",83.2214765100671
"DPP6",77.8523489932886
"DPY19L3",68.4563758389262
"DPY19L4",88.5906040268456
"DPYSL5",73.1543624161074
"DQX1",91.2751677852349
"DRAM2",53.0201342281879
"DSCC1",52.3489932885906
"DSE",51.006711409396
"DTHD1",93.9597315436242
"DTL",77.1812080536913
"DTX4",95.9731543624161
"DUSP1",84.5637583892617
"DUSP14",71.8120805369127
"DUSP16",71.8120805369127
"DUSP27",75.8389261744966
"DUSP6",77.1812080536913
"DUSP7",79.8657718120805
"DXO",72.4832214765101
"DYRK1B",75.8389261744966
"DYRK2",91.9463087248322
"DZIP1",87.248322147651
"E2F3",75.1677852348993
"E4F1",78.5234899328859
"EBF2",95.3020134228188
"EDARADD",96.6442953020134
"EDEM1",81.8791946308725
"EDN3",91.2751677852349
"EDRF1",81.8791946308725
"EEF1AKMT2",67.7852348993289
"EEF1AKMT4",96.6442953020134
"EFNA1",70.4697986577181
"EFNA5",86.5771812080537
"EGFL7",67.1140939597315
"EGFLAM",61.744966442953
"EGR1",75.8389261744966
"EGR2",61.744966442953
"EHF",59.0604026845638
"EIF2AK1",81.8791946308725
"ELF4",65.7718120805369
"ELFN1",87.248322147651
"ELK1",77.8523489932886
"ELK3",55.0335570469799
"ELL2",82.5503355704698
"ELMOD3",95.9731543624161
"ELOVL5",67.7852348993289
"ELOVL7",73.8255033557047
"EMC6",67.7852348993289
"EMC9",61.744966442953
"EMP3",60.4026845637584
"ENC1",63.0872483221477
"ENDOV",96.6442953020134
"ENKD1",65.7718120805369
"ENPP5",62.4161073825503
"ENPP6",71.8120805369127
"ENTPD2",91.2751677852349
"ENTPD6",86.5771812080537
"EOMES",76.510067114094
"EPB41L4A",66.4429530201342
"EPHA1",79.1946308724832
"EPHB6",67.7852348993289
"EPHX4",53.0201342281879
"EPM2A",53.6912751677852
"EPYC",87.248322147651
"ERCC5",63.0872483221477
"ERCC6L",65.7718120805369
"ERCC8",53.0201342281879
"ESCO1",70.4697986577181
"ESM1",89.9328859060403
"ESRRA",57.0469798657718
"ETAA1",60.4026845637584
"ETV3",60.4026845637584
"EVA1B",53.0201342281879
"EVA1C",77.1812080536913
"EVC",63.758389261745
"EXD3",77.8523489932886
"EXOC3L4",94.6308724832215
"EXTL3",76.510067114094
"EZHIP",60.4026845637584
"F2R",68.4563758389262
"F2RL1",75.1677852348993
"F7",53.0201342281879
"F8",72.4832214765101
"FA2H",61.744966442953
"FAAH2",80.5369127516778
"FAAP100",72.4832214765101
"FABP12",69.7986577181208
"FABP7",95.9731543624161
"FADS1",69.7986577181208
"FADS3",85.2348993288591
"FAHD2B",83.2214765100671
"FAM104A",71.8120805369127
"FAM110A",92.6174496644295
"FAM110B",88.5906040268456
"FAM110C",73.1543624161074
"FAM111B",73.1543624161074
"FAM117A",63.758389261745
"FAM122B",57.0469798657718
"FAM135A",65.1006711409396
"FAM161A",86.5771812080537
"FAM180B",75.1677852348993
"FAM199X",94.6308724832215
"FAM204A",86.5771812080537
"FAM20A",58.3892617449664
"FAM20C",51.6778523489933
"FAM219A",64.4295302013423
"FAM219B",75.1677852348993
"FAM222B",90.6040268456376
"FAM227B",59.7315436241611
"FAM234B",96.6442953020134
"FAM43A",91.2751677852349
"FAM50B",53.6912751677852
"FAM53B",60.4026845637584
"FAM83D",95.3020134228188
"FAM83F",73.1543624161074
"FAM89A",78.5234899328859
"FAN1",73.1543624161074
"FANCA",96.6442953020134
"FANCB",95.3020134228188
"FANCD2",72.4832214765101
"FANCL",95.9731543624161
"FAT2",60.4026845637584
"FBRS",57.7181208053691
"FBRSL1",80.5369127516778
"FBXL12",55.7046979865772
"FBXL14",94.6308724832215
"FBXL19",73.8255033557047
"FBXL2",91.9463087248322
"FBXL3",73.1543624161074
"FBXL4",75.8389261744966
"FBXL7",96.6442953020134
"FBXO17",81.8791946308725
"FBXO28",79.1946308724832
"FBXO32",92.6174496644295
"FBXO42",77.8523489932886
"FBXO44",52.3489932885906
"FBXO9",62.4161073825503
"FBXW4",51.006711409396
"FBXW7",85.9060402684564
"FCAR",53.6912751677852
"FCER1A",95.9731543624161
"FCER2",88.5906040268456
"FCGR2A",57.0469798657718
"FCGR3B",56.3758389261745
"FCMR",93.9597315436242
"FCRL5",69.7986577181208
"FCRLA",95.9731543624161
"FDXACB1",96.6442953020134
"FEM1B",55.0335570469799
"FEM1C",92.6174496644295
"FGD1",71.1409395973154
"FGFRL1",82.5503355704698
"FHDC1",95.9731543624161
"FHOD3",83.8926174496644
"FICD",69.7986577181208
"FIGNL1",80.5369127516778
"FKBP1C",94.6308724832215
"FLG",68.4563758389262
"FLVCR1",87.9194630872483
"FLVCR2",95.9731543624161
"FLYWCH1",80.5369127516778
"FMO4",92.6174496644295
"FNIP1",67.1140939597315
"FOLR3",79.1946308724832
"FOPNL",75.1677852348993
"FOSB",92.6174496644295
"FOSL1",84.5637583892617
"FOXA1",65.1006711409396
"FOXC1",68.4563758389262
"FOXF2",77.8523489932886
"FOXN3",84.5637583892617
"FOXO4",83.2214765100671
"FOXP1",85.2348993288591
"FOXP2",95.9731543624161
"FOXP3",96.6442953020134
"FOXRED2",94.6308724832215
"FPR1",61.0738255033557
"FPR2",95.9731543624161
"FRMD3",94.6308724832215
"FRMD4A",50.3355704697987
"FRMD4B",81.8791946308725
"FRMD5",76.510067114094
"FRMPD3",57.0469798657718
"FRS2",87.248322147651
"FSBP",85.9060402684564
"FSD1",75.1677852348993
"FSHR",85.2348993288591
"FSTL3",68.4563758389262
"FTCD",69.7986577181208
"FUOM",67.7852348993289
"FUT1",83.2214765100671
"FUT2",63.0872483221477
"FUT4",65.7718120805369
"FUT6",61.744966442953
"FXYD1",86.5771812080537
"FZD2",80.5369127516778
"FZD4",89.9328859060403
"FZD5",89.261744966443
"FZD7",69.7986577181208
"GAB3",81.2080536912752
"GABPB2",67.7852348993289
"GALNT14",86.5771812080537
"GALNT16",57.7181208053691
"GALNT9",56.3758389261745
"GAPDHS",73.8255033557047
"GAREM1",57.7181208053691
"GAS1",79.1946308724832
"GAST",69.7986577181208
"GATA4",78.5234899328859
"GATC",96.6442953020134
"GBA3",72.4832214765101
"GBP6",79.8657718120805
"GBP7",77.1812080536913
"GCSAM",94.6308724832215
"GEN1",77.1812080536913
"GET1",57.7181208053691
"GFOD1",67.1140939597315
"GFRA2",91.9463087248322
"GFRA3",69.1275167785235
"GGT6",79.1946308724832
"GIMAP1.GIMAP5",96.6442953020134
"GINS2",79.8657718120805
"GINS4",70.4697986577181
"GJA1",54.3624161073826
"GJB3",57.7181208053691
"GK5",77.1812080536913
"GKAP1",72.4832214765101
"GKN2",79.8657718120805
"GLB1L",63.0872483221477
"GLB1L2",76.510067114094
"GLCCI1",63.0872483221477
"GLDC",78.5234899328859
"GLI1",65.7718120805369
"GLI2",81.2080536912752
"GLI3",89.9328859060403
"GLIS3",95.9731543624161
"GLOD5",71.1409395973154
"GLRX2",75.8389261744966
"GLYCTK",66.4429530201342
"GMCL1",93.9597315436242
"GMNN",69.7986577181208
"GNA14",86.5771812080537
"GNAZ",81.2080536912752
"GNB3",84.5637583892617
"GNG10",58.3892617449664
"GNG4",60.4026845637584
"GNLY",65.7718120805369
"GP1BB",86.5771812080537
"GP5",59.0604026845638
"GP9",95.9731543624161
"GPANK1",95.3020134228188
"GPAT3",50.3355704697987
"GPATCH2L",77.1812080536913
"GPC3",73.1543624161074
"GPHA2",95.3020134228188
"GPM6B",71.1409395973154
"GPN2",56.3758389261745
"GPR137B",96.6442953020134
"GPR157",95.9731543624161
"GPRC5B",95.3020134228188
"GRB14",72.4832214765101
"GREB1",87.9194630872483
"GREM2",93.2885906040269
"GRHL1",63.758389261745
"GRHL3",87.248322147651
"GRIP1",60.4026845637584
"GRK3",59.7315436241611
"GRPEL2",75.1677852348993
"GRTP1",79.8657718120805
"GSAP",58.3892617449664
"GSTA3",86.5771812080537
"GSTM1",69.1275167785235
"GTF2IRD1",88.5906040268456
"GTF2IRD2",96.6442953020134
"GTSE1",73.8255033557047
"GTSF1",73.1543624161074
"GUCA2A",81.8791946308725
"GUCD1",87.248322147651
"GUCY2C",69.7986577181208
"GXYLT2",71.8120805369127
"GZF1",83.2214765100671
"GZMB",75.1677852348993
"H3Y2",70.4697986577181
"HAMP",83.2214765100671
"HAND2",96.6442953020134
"HAPLN4",93.9597315436242
"HAVCR1",79.8657718120805
"HAVCR2",61.0738255033557
"HBB",85.2348993288591
"HBG2",58.3892617449664
"HBM",73.8255033557047
"HDAC11",72.4832214765101
"HDAC9",62.4161073825503
"HECW1",86.5771812080537
"HECW2",65.7718120805369
"HELB",87.9194630872483
"HEMK1",53.6912751677852
"HENMT1",91.9463087248322
"HEXIM2",77.8523489932886
"HHEX",76.510067114094
"HHIP",93.2885906040269
"HHIPL1",73.8255033557047
"HHLA2",61.744966442953
"HIPK1",63.758389261745
"HIPK2",73.8255033557047
"HIVEP1",79.8657718120805
"HJURP",84.5637583892617
"HLA.DOA",79.1946308724832
"HLA.G",93.2885906040269
"HMCN2",56.3758389261745
"HMGCR",69.1275167785235
"HMGXB3",74.496644295302
"HMMR",61.0738255033557
"HNF1A",86.5771812080537
"HNF4G",67.1140939597315
"HNRNPA1L2",86.5771812080537
"HOMEZ",59.0604026845638
"HOXA4",94.6308724832215
"HOXA5",52.3489932885906
"HOXC4",83.2214765100671
"HOXD9",60.4026845637584
"HPD",86.5771812080537
"HPDL",92.6174496644295
"HPN",96.6442953020134
"HPS1",63.758389261745
"HRC",52.3489932885906
"HRNR",92.6174496644295
"HROB",72.4832214765101
"HS3ST1",53.0201342281879
"HS6ST1",59.0604026845638
"HSD17B14",69.1275167785235
"HSD17B6",94.6308724832215
"HSD3B1",83.2214765100671
"HSPA6",67.7852348993289
"HTD2",68.4563758389262
"HYAL1",56.3758389261745
"HYAL2",57.0469798657718
"HYKK",87.9194630872483
"ICAM5",71.1409395973154
"ICE1",51.6778523489933
"ICE2",59.0604026845638
"ICMT",53.6912751677852
"ICOS",93.2885906040269
"ID1",78.5234899328859
"ID2",96.6442953020134
"IER2",78.5234899328859
"IFFO2",71.1409395973154
"IFI27",93.2885906040269
"IFI27L2",68.4563758389262
"IFI6",71.8120805369127
"IFNAR1",96.6442953020134
"IGDCC4",78.5234899328859
"IGF1",83.2214765100671
"IGFBP1",64.4295302013423
"IGFBPL1",95.9731543624161
"IGFLR1",55.7046979865772
"IGHE",65.1006711409396
"IGHV1.45",79.1946308724832
"IGHV1.69.2",58.3892617449664
"IGHV1.69D",53.6912751677852
"IGHV3.20",71.8120805369127
"IGHV3.21",90.6040268456376
"IGHV3.30",61.0738255033557
"IGHV3.48",86.5771812080537
"IGHV3.74",50.3355704697987
"IGHV3OR16.10",91.9463087248322
"IGHV3OR16.9",92.6174496644295
"IGHV4.39",94.6308724832215
"IGHV7.4.1",71.8120805369127
"IGKV1.6",83.2214765100671
"IGKV1D.16",71.1409395973154
"IGKV1D.8",83.2214765100671
"IGKV2D.28",95.9731543624161
"IGKV2D.30",70.4697986577181
"IGKV3D.15",51.6778523489933
"IGKV3OR2.268",65.7718120805369
"IGLJ6",69.7986577181208
"IGLV10.54",90.6040268456376
"IGLV2.23",51.006711409396
"IGLV3.12",57.7181208053691
"IGLV4.3",75.8389261744966
"IGLV5.37",96.6442953020134
"IGLV5.48",70.4697986577181
"IGSF3",69.1275167785235
"IGSF9",91.2751677852349
"IKZF2",93.2885906040269
"IKZF5",80.5369127516778
"IL10RB",63.758389261745
"IL17D",94.6308724832215
"IL17RA",79.1946308724832
"IL18R1",91.9463087248322
"IL1B",92.6174496644295
"IL1RL2",70.4697986577181
"IL20RA",62.4161073825503
"IL22RA1",82.5503355704698
"IL23R",82.5503355704698
"IL2RG",93.9597315436242
"IL3RA",93.2885906040269
"IL6R",85.9060402684564
"IMMP1L",96.6442953020134
"IMMP2L",87.9194630872483
"INAVA",56.3758389261745
"INCENP",65.7718120805369
"ING2",89.261744966443
"INHBC",59.7315436241611
"INHBE",83.8926174496644
"INO80D",93.2885906040269
"INSIG2",95.9731543624161
"INTS6L",92.6174496644295
"INTU",92.6174496644295
"INVS",83.2214765100671
"IPMK",56.3758389261745
"IQCB1",56.3758389261745
"IQCE",81.8791946308725
"IQCJ.SCHIP1",91.9463087248322
"IRAK1BP1",95.9731543624161
"IRAK2",66.4429530201342
"IRF1",68.4563758389262
"ISL2",89.261744966443
"ITGA10",87.248322147651
"ITGA8",65.7718120805369
"ITGAE",59.0604026845638
"ITGB3",58.3892617449664
"ITGB7",65.7718120805369
"ITK",89.9328859060403
"ITM2A",82.5503355704698
"ITPKA",59.7315436241611
"ITPRIPL2",66.4429530201342
"IVL",53.6912751677852
"IYD",73.1543624161074
"JADE1",88.5906040268456
"JADE3",66.4429530201342
"JAM2",79.1946308724832
"JAML",83.2214765100671
"JARID2",89.9328859060403
"JDP2",85.9060402684564
"JMJD4",89.261744966443
"JOSD1",89.9328859060403
"JPH1",75.1677852348993
"JRKL",91.2751677852349
"JSRP1",73.8255033557047
"KAT2A",79.8657718120805
"KAT2B",65.1006711409396
"KAT6A",53.6912751677852
"KAT6B",63.758389261745
"KATNBL1",88.5906040268456
"KAZN",85.2348993288591
"KBTBD6",87.9194630872483
"KBTBD7",93.2885906040269
"KCNAB1",91.9463087248322
"KCNJ15",59.0604026845638
"KCNJ8",83.2214765100671
"KCNK1",74.496644295302
"KCNMA1",85.9060402684564
"KCNN4",57.7181208053691
"KCNQ1",75.1677852348993
"KCP",72.4832214765101
"KCTD1",71.8120805369127
"KCTD17",85.2348993288591
"KCTD2",63.0872483221477
"KCTD20",67.1140939597315
"KCTD6",77.8523489932886
"KCTD7",96.6442953020134
"KDELR1",94.6308724832215
"KDM4C",61.744966442953
"KDR",93.9597315436242
"KEL",92.6174496644295
"KERA",73.1543624161074
"KIAA0040",65.7718120805369
"KIAA0232",81.8791946308725
"KIAA0753",69.7986577181208
"KIAA1328",51.6778523489933
"KIF12",89.9328859060403
"KIF14",73.8255033557047
"KIF18A",96.6442953020134
"KIF18B",60.4026845637584
"KIF20A",64.4295302013423
"KIF20B",77.8523489932886
"KIF22",70.4697986577181
"KIF27",77.8523489932886
"KIF3C",86.5771812080537
"KIF4A",53.6912751677852
"KIF5A",84.5637583892617
"KITLG",59.7315436241611
"KIZ",95.9731543624161
"KLF10",92.6174496644295
"KLF12",91.9463087248322
"KLF16",59.7315436241611
"KLF4",61.0738255033557
"KLF5",51.006711409396
"KLF6",90.6040268456376
"KLHDC10",59.0604026845638
"KLHDC7A",64.4295302013423
"KLHDC7B",79.8657718120805
"KLHDC8B",73.1543624161074
"KLHL12",91.2751677852349
"KLHL13",75.1677852348993
"KLHL15",87.248322147651
"KLHL17",82.5503355704698
"KLHL20",77.1812080536913
"KLHL21",80.5369127516778
"KLHL24",71.8120805369127
"KLHL29",59.0604026845638
"KLHL3",95.9731543624161
"KLHL4",91.9463087248322
"KLHL5",79.1946308724832
"KLHL6",85.9060402684564
"KLHL7",85.9060402684564
"KLHL9",61.744966442953
"KLK14",58.3892617449664
"KLK5",81.8791946308725
"KLK8",73.8255033557047
"KMO",73.8255033557047
"KMT5B",79.8657718120805
"KMT5C",94.6308724832215
"KNL1",63.0872483221477
"KNSTRN",83.8926174496644
"KPNA5",86.5771812080537
"KRCC1",77.1812080536913
"KRT15",62.4161073825503
"KRT24",85.9060402684564
"KRT78",51.6778523489933
"KRT79",94.6308724832215
"KRTDAP",95.3020134228188
"L3MBTL2",71.8120805369127
"LAG3",96.6442953020134
"LAMP3",62.4161073825503
"LAMP5",63.0872483221477
"LANCL3",96.6442953020134
"LAPTM4A",92.6174496644295
"LAPTM5",73.1543624161074
"LARGE1",85.9060402684564
"LATS2",88.5906040268456
"LAX1",92.6174496644295
"LAYN",62.4161073825503
"LBHD1",89.9328859060403
"LCA5",74.496644295302
"LCMT2",86.5771812080537
"LCOR",52.3489932885906
"LCORL",85.2348993288591
"LCT",60.4026845637584
"LDB2",89.261744966443
"LDHC",84.5637583892617
"LEAP2",91.2751677852349
"LEFTY1",95.3020134228188
"LEPR",90.6040268456376
"LGI2",87.248322147651
"LGR4",95.9731543624161
"LHFPL2",79.8657718120805
"LHFPL6",75.1677852348993
"LIF",96.6442953020134
"LIFR",79.8657718120805
"LILRA2",54.3624161073826
"LILRB1",59.0604026845638
"LILRB2",63.0872483221477
"LILRB3",63.0872483221477
"LILRB4",77.1812080536913
"LIN28A",78.5234899328859
"LIN37",61.0738255033557
"LIN7B",63.758389261745
"LIN9",63.0872483221477
"LINS1",77.8523489932886
"LIPC",95.9731543624161
"LIPF",89.261744966443
"LIPT1",93.9597315436242
"LIPT2",91.9463087248322
"LMBR1",87.9194630872483
"LNX2",69.1275167785235
"LPAR1",62.4161073825503
"LPAR2",93.9597315436242
"LRATD1",96.6442953020134
"LRIG2",88.5906040268456
"LRIG3",73.1543624161074
"LRP11",89.261744966443
"LRP1B",92.6174496644295
"LRP5",75.1677852348993
"LRP6",77.1812080536913
"LRP8",91.9463087248322
"LRRC19",87.9194630872483
"LRRC42",82.5503355704698
"LRRC4B",96.6442953020134
"LRRC58",61.0738255033557
"LRRC75A",95.9731543624161
"LRRC8B",89.9328859060403
"LRRC8E",91.9463087248322
"LRRK1",50.3355704697987
"LRRN1",90.6040268456376
"LRRN4CL",84.5637583892617
"LST1",96.6442953020134
"LTB4R",89.9328859060403
"LTF",81.8791946308725
"LY6H",87.9194630872483
"LY75",50.3355704697987
"LY9",92.6174496644295
"LY96",84.5637583892617
"LYPD2",75.8389261744966
"LYPD6B",74.496644295302
"LYSMD3",65.7718120805369
"MAB21L2",89.9328859060403
"MACIR",67.7852348993289
"MAD2L2",80.5369127516778
"MAF",85.9060402684564
"MAFK",75.1677852348993
"MAGEA4",79.1946308724832
"MAGEH1",78.5234899328859
"MAGI2",71.8120805369127
"MAGOHB",95.3020134228188
"MALSU1",53.6912751677852
"MAML1",55.0335570469799
"MAML3",61.744966442953
"MANEA",50.3355704697987
"MANEAL",95.9731543624161
"MAP10",65.7718120805369
"MAP3K1",82.5503355704698
"MAP3K21",59.0604026845638
"MAP7D2",95.9731543624161
"MAP9",56.3758389261745
"MAPK10",72.4832214765101
"MAPK11",88.5906040268456
"MAPK12",70.4697986577181
"MAPKAPK5",96.6442953020134
"MARCHF6",75.8389261744966
"MARCHF7",57.7181208053691
"MARK4",51.006711409396
"MASTL",85.9060402684564
"MBD4",57.7181208053691
"MBD6",70.4697986577181
"MBTD1",75.1677852348993
"MCEMP1",91.2751677852349
"MCF2",95.9731543624161
"MCOLN1",89.9328859060403
"MCRIP2",66.4429530201342
"MCUB",61.0738255033557
"MDFI",85.9060402684564
"MDFIC",92.6174496644295
"MDGA1",73.8255033557047
"MDM2",93.9597315436242
"MDM4",71.1409395973154
"MDP1",78.5234899328859
"MED17",59.0604026845638
"MED19",83.8926174496644
"MED26",85.2348993288591
"MEF2A",55.0335570469799
"MEF2C",53.6912751677852
"MEFV",95.9731543624161
"MEGF9",73.1543624161074
"MEIS1",51.6778523489933
"MELK",73.1543624161074
"MEOX2",89.9328859060403
"MEP1A",51.006711409396
"MEP1B",74.496644295302
"MERTK",66.4429530201342
"METRN",89.9328859060403
"METTL18",54.3624161073826
"METTL21A",59.7315436241611
"METTL25",61.0738255033557
"METTL2B",75.8389261744966
"MEX3D",73.1543624161074
"MFHAS1",79.1946308724832
"MFSD14B",84.5637583892617
"MFSD3",92.6174496644295
"MFSD4A",83.8926174496644
"MFSD4B",75.1677852348993
"MFSD5",81.8791946308725
"MFSD8",92.6174496644295
"MFSD9",90.6040268456376
"MGARP",96.6442953020134
"MGAT4A",51.006711409396
"MGAT4B",61.0738255033557
"MGRN1",60.4026845637584
"MICOS10",84.5637583892617
"MID2",53.6912751677852
"MIER3",65.1006711409396
"MIGA1",52.3489932885906
"MIGA2",74.496644295302
"MIS18A",79.1946308724832
"MIS18BP1",58.3892617449664
"MKNK2",79.1946308724832
"MKS1",93.9597315436242
"MLF1",65.7718120805369
"MLH3",88.5906040268456
"MLIP",76.510067114094
"MLLT10",51.006711409396
"MLLT3",81.8791946308725
"MLN",83.8926174496644
"MLXIPL",96.6442953020134
"MMACHC",74.496644295302
"MMP15",63.758389261745
"MMP24OS",68.4563758389262
"MMS22L",94.6308724832215
"MND1",80.5369127516778
"MNX1",52.3489932885906
"MOB3C",63.758389261745
"MOB4",91.9463087248322
"MOCOS",60.4026845637584
"MOGAT2",79.8657718120805
"MORC4",78.5234899328859
"MOSPD1",90.6040268456376
"MPHOSPH9",89.261744966443
"MPND",68.4563758389262
"MPP2",52.3489932885906
"MPPE1",75.8389261744966
"MPPED2",91.9463087248322
"MPV17L",89.9328859060403
"MR1",73.1543624161074
"MREG",91.9463087248322
"MRFAP1",51.6778523489933
"MRGPRF",55.7046979865772
"MRM2",75.1677852348993
"MROH8",93.9597315436242
"MRS2",87.248322147651
"MS4A1",63.758389261745
"MS4A10",95.3020134228188
"MS4A18",95.3020134228188
"MSANTD4",87.9194630872483
"MSL2",68.4563758389262
"MSL3",63.758389261745
"MSMP",95.9731543624161
"MSRB1",64.4295302013423
"MSX2",96.6442953020134
"MT.CO1",75.1677852348993
"MT.CYB",86.5771812080537
"MT.ND3",96.6442953020134
"MT.ND4",89.9328859060403
"MT1B",94.6308724832215
"MT1E",52.3489932885906
"MT3",79.1946308724832
"MTBP",93.9597315436242
"MTERF1",79.1946308724832
"MTERF3",57.7181208053691
"MTF1",73.1543624161074
"MTF2",75.1677852348993
"MTFP1",79.1946308724832
"MTHFD2L",81.2080536912752
"MTMR7",51.006711409396
"MTRF1",53.6912751677852
"MTRF1L",75.1677852348993
"MUC17",83.8926174496644
"MUC2",62.4161073825503
"MUC20",95.9731543624161
"MUTYH",83.8926174496644
"MXD1",85.9060402684564
"MYBPC1",93.9597315436242
"MYC",78.5234899328859
"MYCT1",83.8926174496644
"MYH2",87.248322147651
"MYL1",69.7986577181208
"MYL3",75.1677852348993
"MYLPF",82.5503355704698
"MYOC",73.1543624161074
"MYOZ1",50.3355704697987
"MYRF",85.9060402684564
"MYRIP",57.7181208053691
"MYSM1",62.4161073825503
"MYZAP",96.6442953020134
"MZT2A",80.5369127516778
"N4BP2L1",76.510067114094
"NAA11",73.8255033557047
"NAA60",87.9194630872483
"NAA80",61.0738255033557
"NAALAD2",86.5771812080537
"NABP1",65.7718120805369
"NACA2",79.1946308724832
"NACAD",61.0738255033557
"NACC2",75.8389261744966
"NAIF1",95.9731543624161
"NAT2",95.3020134228188
"NAT9",88.5906040268456
"NATD1",86.5771812080537
"NCAM2",64.4295302013423
"NCAPH2",73.1543624161074
"NCOA4",62.4161073825503
"NCR3LG1",89.261744966443
"NDEL1",59.7315436241611
"NDFIP1",95.9731543624161
"NDFIP2",92.6174496644295
"NDN",77.1812080536913
"NDNF",67.1140939597315
"NDRG4",61.744966442953
"NDST2",92.6174496644295
"NDUFA1",96.6442953020134
"NDUFB2",63.0872483221477
"NEIL1",74.496644295302
"NEMP1",71.1409395973154
"NEURL1",95.9731543624161
"NEURL1B",90.6040268456376
"NEURL4",55.0335570469799
"NFE2L2",94.6308724832215
"NFIL3",86.5771812080537
"NFKBIL1",65.1006711409396
"NHLRC1",76.510067114094
"NINJ1",63.758389261745
"NINJ2",89.9328859060403
"NIPA2",57.0469798657718
"NIPAL2",73.8255033557047
"NIPAL3",81.8791946308725
"NIPSNAP3B",64.4295302013423
"NKPD1",59.7315436241611
"NKX2.5",95.3020134228188
"NLRC3",73.1543624161074
"NLRC5",86.5771812080537
"NLRP1",57.0469798657718
"NLRP4",60.4026845637584
"NLRP6",67.1140939597315
"NME4",51.006711409396
"NOG",90.6040268456376
"NOS2",95.3020134228188
"NOTCH4",65.7718120805369
"NOVA1",86.5771812080537
"NOXA1",74.496644295302
"NOXO1",89.9328859060403
"NPC1L1",83.2214765100671
"NPHP3",92.6174496644295
"NPHP4",67.7852348993289
"NPR2",85.2348993288591
"NPTXR",61.0738255033557
"NR0B1",84.5637583892617
"NR1D1",53.0201342281879
"NR1H2",65.7718120805369
"NR2C1",92.6174496644295
"NR2F1",89.261744966443
"NR3C2",61.744966442953
"NR4A1",65.7718120805369
"NRIP1",79.1946308724832
"NRK",68.4563758389262
"NSUN3",90.6040268456376
"NT5C1A",96.6442953020134
"NTN1",51.6778523489933
"NTRK2",63.758389261745
"NTS",84.5637583892617
"NUAK1",63.758389261745
"NUAK2",81.2080536912752
"NUDT11",67.1140939597315
"NUDT22",87.248322147651
"NUDT6",57.0469798657718
"NUDT7",95.9731543624161
"NUF2",56.3758389261745
"NUFIP1",89.261744966443
"NUS1",73.8255033557047
"NYNRIN",55.0335570469799
"OCSTAMP",91.2751677852349
"ODF3B",95.9731543624161
"OIP5",96.6442953020134
"OIT3",89.9328859060403
"OLFM1",63.0872483221477
"OLFM2",82.5503355704698
"OLFML2A",81.8791946308725
"OLR1",58.3892617449664
"ORAI1",73.8255033557047
"ORC1",81.2080536912752
"ORC6",92.6174496644295
"ORMDL2",78.5234899328859
"ORMDL3",95.3020134228188
"OSCAR",81.2080536912752
"OTUB2",95.9731543624161
"OTUD1",51.6778523489933
"OTUD3",83.8926174496644
"OTUD5",67.7852348993289
"OTX1",95.9731543624161
"P2RX7",81.2080536912752
"P2RY13",89.9328859060403
"P2RY8",93.9597315436242
"P4HA3",68.4563758389262
"PABPC3",59.7315436241611
"PACC1",87.248322147651
"PACRGL",89.261744966443
"PADI3",72.4832214765101
"PAEP",66.4429530201342
"PAGR1",51.006711409396
"PAK6",86.5771812080537
"PALB2",94.6308724832215
"PANK3",77.8523489932886
"PANX1",59.7315436241611
"PAPPA2",95.9731543624161
"PAQR4",96.6442953020134
"PAQR7",90.6040268456376
"PARD6G",56.3758389261745
"PARL",80.5369127516778
"PARM1",53.6912751677852
"PARP15",95.9731543624161
"PARP16",57.0469798657718
"PARP8",73.1543624161074
"PASK",57.0469798657718
"PATZ1",72.4832214765101
"PAX5",86.5771812080537
"PAX6",95.9731543624161
"PBK",51.6778523489933
"PBX2",93.2885906040269
"PBX3",83.2214765100671
"PCDH12",72.4832214765101
"PCDH18",70.4697986577181
"PCDHGB5",87.9194630872483
"PCDHGC3",53.0201342281879
"PCGF1",91.2751677852349
"PCGF2",76.510067114094
"PCGF6",73.8255033557047
"PCMTD2",77.1812080536913
"PCOLCE2",75.1677852348993
"PCP4L1",91.2751677852349
"PCSK6",92.6174496644295
"PCSK7",78.5234899328859
"PDCD2",54.3624161073826
"PDCD7",70.4697986577181
"PDE11A",82.5503355704698
"PDE1C",73.1543624161074
"PDE4A",71.1409395973154
"PDE4B",95.9731543624161
"PDE7A",72.4832214765101
"PDP2",65.1006711409396
"PDPN",88.5906040268456
"PDSS1",81.2080536912752
"PDZD3",82.5503355704698
"PEAK3",72.4832214765101
"PEAR1",77.1812080536913
"PELI1",95.9731543624161
"PELI2",57.0469798657718
"PENK",87.248322147651
"PER2",82.5503355704698
"PET117",91.9463087248322
"PEX10",71.1409395973154
"PEX2",64.4295302013423
"PGAM4",71.8120805369127
"PGAP2",92.6174496644295
"PGAP6",91.2751677852349
"PGBD2",86.5771812080537
"PGR",60.4026845637584
"PGS1",57.7181208053691
"PHC1",55.0335570469799
"PHETA1",52.3489932885906
"PHF20",83.8926174496644
"PHLDA2",54.3624161073826
"PHLDB3",61.744966442953
"PHLPP1",72.4832214765101
"PHLPP2",84.5637583892617
"PIAS2",59.7315436241611
"PIAS3",74.496644295302
"PIGA",70.4697986577181
"PIGB",55.0335570469799
"PIGM",95.9731543624161
"PIGQ",70.4697986577181
"PIGX",64.4295302013423
"PIK3C2G",91.2751677852349
"PIK3IP1",77.1812080536913
"PIK3R5",95.9731543624161
"PIM3",88.5906040268456
"PIP",63.0872483221477
"PIPOX",55.7046979865772
"PITPNM2",73.1543624161074
"PKMYT1",81.2080536912752
"PLA2G12B",83.2214765100671
"PLA2G4C",67.7852348993289
"PLA2G6",67.1140939597315
"PLA2R1",60.4026845637584
"PLAAT4",92.6174496644295
"PLAC8",81.8791946308725
"PLCH2",81.8791946308725
"PLCZ1",58.3892617449664
"PLEKHA8",87.9194630872483
"PLEKHG6",93.9597315436242
"PLEKHH2",55.0335570469799
"PLEKHH3",69.1275167785235
"PLEKHJ1",82.5503355704698
"PLEKHM3",91.2751677852349
"PLEKHN1",75.1677852348993
"PLIN5",91.9463087248322
"PLK1",63.758389261745
"PLLP",93.2885906040269
"PLP1",78.5234899328859
"PLPP1",55.0335570469799
"PLPP2",78.5234899328859
"PLPP5",91.2751677852349
"PLPP7",95.3020134228188
"PLXDC1",67.1140939597315
"PLXNA3",65.7718120805369
"PMEPA1",71.1409395973154
"PMF1",55.0335570469799
"PNCK",84.5637583892617
"PNMA8A",90.6040268456376
"PNPLA7",65.7718120805369
"POC1B",71.8120805369127
"PODNL1",73.8255033557047
"PODXL2",83.8926174496644
"POLA2",69.1275167785235
"POLE2",67.7852348993289
"POLL",75.1677852348993
"POLM",53.6912751677852
"POLQ",73.1543624161074
"POLR2F",72.4832214765101
"POLR3G",93.2885906040269
"POLR3GL",79.8657718120805
"POLR3H",58.3892617449664
"POMT1",88.5906040268456
"POMT2",74.496644295302
"PORCN",82.5503355704698
"POU2AF1",82.5503355704698
"POU2F2",72.4832214765101
"PPARD",95.3020134228188
"PPFIA3",63.758389261745
"PPM1D",93.2885906040269
"PPM1E",94.6308724832215
"PPM1J",51.6778523489933
"PPP1R14D",73.1543624161074
"PPP1R15B",77.1812080536913
"PPP1R26",80.5369127516778
"PPP1R35",60.4026845637584
"PPP1R3B",70.4697986577181
"PPP2R3C",88.5906040268456
"PPP4R4",88.5906040268456
"PPT2",84.5637583892617
"PRADC1",86.5771812080537
"PRDM10",56.3758389261745
"PRDM11",80.5369127516778
"PRDM4",55.7046979865772
"PRDM5",93.9597315436242
"PRF1",51.6778523489933
"PRICKLE1",75.1677852348993
"PRICKLE2",77.1812080536913
"PRIMPOL",63.758389261745
"PRKG2",79.8657718120805
"PRKX",95.3020134228188
"PRMT8",53.0201342281879
"PROX1",68.4563758389262
"PRR11",96.6442953020134
"PRR16",81.2080536912752
"PRR5",75.1677852348993
"PRR5L",76.510067114094
"PRR9",91.2751677852349
"PRSS22",77.1812080536913
"PRSS57",89.9328859060403
"PRX",67.1140939597315
"PRXL2C",85.9060402684564
"PSAPL1",77.1812080536913
"PSMA8",93.9597315436242
"PSMC3IP",91.2751677852349
"PSRC1",95.9731543624161
"PTAFR",66.4429530201342
"PTCD2",85.9060402684564
"PTOV1",87.9194630872483
"PTP4A3",81.8791946308725
"PTPDC1",80.5369127516778
"PTPRB",73.1543624161074
"PTPRCAP",72.4832214765101
"PTPRO",89.9328859060403
"PTPRZ1",93.2885906040269
"PUSL1",75.1677852348993
"PVALB",57.7181208053691
"PWP2",91.9463087248322
"PWWP3A",53.0201342281879
"PXMP2",62.4161073825503
"PXMP4",81.2080536912752
"PXYLP1",55.0335570469799
"PYGO1",81.8791946308725
"PYHIN1",55.7046979865772
"QRICH2",80.5369127516778
"R3HCC1L",59.0604026845638
"RAB11A",70.4697986577181
"RAB11FIP3",57.0469798657718
"RAB17",53.0201342281879
"RAB36",76.510067114094
"RAB37",63.0872483221477
"RAB38",83.2214765100671
"RAB39A",80.5369127516778
"RAB39B",91.9463087248322
"RAB3A",53.0201342281879
"RAB40C",96.6442953020134
"RAB42",82.5503355704698
"RAB7B",69.1275167785235
"RAB9B",89.261744966443
"RAC3",55.7046979865772
"RACGAP1",51.6778523489933
"RAD18",79.1946308724832
"RAD51",96.6442953020134
"RAD51AP1",81.2080536912752
"RAD51B",95.9731543624161
"RAD51C",92.6174496644295
"RAD52",90.6040268456376
"RAD54B",91.9463087248322
"RAI2",91.9463087248322
"RAMAC",66.4429530201342
"RAMP2",82.5503355704698
"RAPGEF3",91.9463087248322
"RAPGEF4",89.261744966443
"RAPGEF5",71.8120805369127
"RAPGEFL1",81.8791946308725
"RARA",55.0335570469799
"RARG",87.248322147651
"RASA4",91.2751677852349
"RASGRP3",89.261744966443
"RASGRP4",80.5369127516778
"RASL12",65.1006711409396
"RASSF3",51.006711409396
"RASSF7",61.744966442953
"RBAK",96.6442953020134
"RBBP8NL",75.1677852348993
"RBL1",86.5771812080537
"RBM41",87.248322147651
"RBM43",61.0738255033557
"RBM48",93.2885906040269
"RBPMS2",73.1543624161074
"RCAN1",53.6912751677852
"RCAN3",77.1812080536913
"RCBTB1",63.0872483221477
"RCE1",60.4026845637584
"RDH12",59.0604026845638
"RECQL4",77.1812080536913
"REEP1",80.5369127516778
"REM1",81.8791946308725
"REP15",91.9463087248322
"RESF1",74.496644295302
"REST",83.8926174496644
"RETREG1",73.8255033557047
"REV3L",84.5637583892617
"REXO1",57.7181208053691
"RFESD",73.8255033557047
"RFWD3",95.3020134228188
"RFX2",73.1543624161074
"RFX7",75.8389261744966
"RGL1",78.5234899328859
"RGL3",76.510067114094
"RGMB",92.6174496644295
"RGS1",85.9060402684564
"RGS17",93.9597315436242
"RGS18",79.8657718120805
"RGS2",90.6040268456376
"RHCG",95.9731543624161
"RHOBTB3",75.1677852348993
"RHOD",77.8523489932886
"RHOH",72.4832214765101
"RHOJ",97.9865771812081
"RHOU",93.2885906040269
"RIC1",53.0201342281879
"RIC8B",53.0201342281879
"RIMKLB",96.6442953020134
"RIPK4",69.7986577181208
"RIPOR2",73.8255033557047
"RLIM",61.744966442953
"RMI1",54.3624161073826
"RMI2",95.9731543624161
"RNASE7",96.6442953020134
"RNASEK",94.6308724832215
"RNF103",97.9865771812081
"RNF11",80.5369127516778
"RNF111",93.2885906040269
"RNF115",55.7046979865772
"RNF121",96.6442953020134
"RNF128",64.4295302013423
"RNF130",86.5771812080537
"RNF138",61.0738255033557
"RNF139",54.3624161073826
"RNF141",62.4161073825503
"RNF168",59.0604026845638
"RNF187",85.9060402684564
"RNF19B",55.0335570469799
"RNF216",57.7181208053691
"RNF26",95.9731543624161
"RNF39",92.6174496644295
"RNF4",63.0872483221477
"RNF6",72.4832214765101
"RNF8",88.5906040268456
"RNFT1",75.1677852348993
"RNPEPL1",63.758389261745
"ROBO2",68.4563758389262
"RPGR",93.9597315436242
"RPGRIP1L",73.8255033557047
"RPP21",89.9328859060403
"RPS10.NUDT3",91.9463087248322
"RPS27AP5",91.9463087248322
"RPTN",65.7718120805369
"RPUSD1",92.6174496644295
"RSAD1",95.9731543624161
"RSAD2",84.5637583892617
"RTEL1",85.2348993288591
"RTL10",85.9060402684564
"RTP4",93.2885906040269
"RTTN",87.248322147651
"RUNX1T1",89.9328859060403
"RUSC2",74.496644295302
"RWDD2A",87.9194630872483
"RWDD3",63.0872483221477
"RYR3",73.1543624161074
"S100PBP",56.3758389261745
"SAA2",62.4161073825503
"SAC3D1",75.1677852348993
"SALL2",87.248322147651
"SAMD10",96.6442953020134
"SAMD12",69.1275167785235
"SAMD14",96.6442953020134
"SATB1",71.8120805369127
"SBNO2",83.2214765100671
"SBSN",70.4697986577181
"SC5D",65.1006711409396
"SCAMP5",96.6442953020134
"SCAND1",89.261744966443
"SCAP",69.1275167785235
"SCARA5",90.6040268456376
"SCGB1A1",83.2214765100671
"SCIMP",85.2348993288591
"SCMH1",81.2080536912752
"SCML2",65.1006711409396
"SCN7A",79.8657718120805
"SCN9A",95.3020134228188
"SCNM1",92.6174496644295
"SCTR",96.6442953020134
"SDC3",53.0201342281879
"SDK2",85.9060402684564
"SEC14L4",63.0872483221477
"SEC61A2",95.9731543624161
"SECTM1",84.5637583892617
"SELPLG",58.3892617449664
"SEMA3F",82.5503355704698
"SEMA4A",55.7046979865772
"SEMA4C",54.3624161073826
"SEMA4G",83.8926174496644
"SEMA5A",77.8523489932886
"SEMA6A",93.9597315436242
"SEMA6B",96.6442953020134
"SEMA6C",89.261744966443
"SEMA6D",93.2885906040269
"SEMG1",96.6442953020134
"SENP2",60.4026845637584
"SENP3",70.4697986577181
"SENP5",62.4161073825503
"SEPTIN5",96.6442953020134
"SERINC5",81.2080536912752
"SERPINB13",93.9597315436242
"SESN3",83.2214765100671
"SETD5",63.758389261745
"SETD6",83.2214765100671
"SETD9",85.9060402684564
"SETDB2",97.9865771812081
"SETSIP",91.9463087248322
"SFMBT1",71.8120805369127
"SFMBT2",91.9463087248322
"SFT2D1",89.9328859060403
"SFTA2",79.8657718120805
"SFTPB",95.9731543624161
"SGMS1",93.9597315436242
"SGO1",96.6442953020134
"SGPP2",87.248322147651
"SGSM1",53.6912751677852
"SGSM2",63.0872483221477
"SH2B2",64.4295302013423
"SH2D2A",78.5234899328859
"SH2D3C",56.3758389261745
"SH3D21",91.2751677852349
"SH3RF2",96.6442953020134
"SHD",91.2751677852349
"SHE",70.4697986577181
"SHISA2",65.7718120805369
"SHISA4",96.6442953020134
"SHISA5",71.1409395973154
"SHQ1",85.9060402684564
"SIAH2",79.8657718120805
"SIGLEC14",95.9731543624161
"SIGLEC9",84.5637583892617
"SIGMAR1",57.0469798657718
"SIMC1",80.5369127516778
"SINHCAF",71.1409395973154
"SIRPB1",85.2348993288591
"SIT1",77.8523489932886
"SIVA1",81.8791946308725
"SIX4",89.261744966443
"SKA1",85.2348993288591
"SKA2",55.7046979865772
"SKA3",69.7986577181208
"SKI",87.248322147651
"SKP2",85.2348993288591
"SLA",96.6442953020134
"SLAMF1",93.9597315436242
"SLAMF6",93.9597315436242
"SLC11A1",81.2080536912752
"SLC12A8",73.1543624161074
"SLC13A2",83.8926174496644
"SLC15A3",77.1812080536913
"SLC16A2",89.9328859060403
"SLC19A1",66.4429530201342
"SLC1A1",65.1006711409396
"SLC1A2",70.4697986577181
"SLC1A3",86.5771812080537
"SLC20A1",65.7718120805369
"SLC22A5",97.9865771812081
"SLC23A2",96.6442953020134
"SLC25A17",79.8657718120805
"SLC25A23",95.9731543624161
"SLC25A25",50.3355704697987
"SLC25A26",61.0738255033557
"SLC25A28",83.8926174496644
"SLC25A29",72.4832214765101
"SLC25A30",89.9328859060403
"SLC25A32",67.1140939597315
"SLC25A35",55.7046979865772
"SLC25A36",68.4563758389262
"SLC25A42",83.2214765100671
"SLC25A44",96.6442953020134
"SLC25A51",64.4295302013423
"SLC26A11",95.9731543624161
"SLC26A3",96.6442953020134
"SLC26A6",59.0604026845638
"SLC26A9",95.9731543624161
"SLC28A2",96.6442953020134
"SLC28A3",92.6174496644295
"SLC29A1",74.496644295302
"SLC29A3",79.1946308724832
"SLC2A10",77.8523489932886
"SLC2A2",59.7315436241611
"SLC2A4",96.6442953020134
"SLC30A8",58.3892617449664
"SLC31A1",51.6778523489933
"SLC34A2",63.758389261745
"SLC35B1",76.510067114094
"SLC35C2",86.5771812080537
"SLC35E2B",92.6174496644295
"SLC36A1",62.4161073825503
"SLC37A2",86.5771812080537
"SLC38A3",90.6040268456376
"SLC38A7",87.248322147651
"SLC38A9",60.4026845637584
"SLC39A5",85.2348993288591
"SLC39A8",91.9463087248322
"SLC40A1",91.9463087248322
"SLC41A1",81.8791946308725
"SLC41A3",63.758389261745
"SLC43A3",69.7986577181208
"SLC44A3",81.8791946308725
"SLC45A4",95.9731543624161
"SLC49A4",85.9060402684564
"SLC51A",83.8926174496644
"SLC51B",91.9463087248322
"SLC52A2",63.0872483221477
"SLC5A3",78.5234899328859
"SLC5A6",57.0469798657718
"SLC66A3",77.1812080536913
"SLC6A19",55.0335570469799
"SLC6A6",73.1543624161074
"SLC7A14",90.6040268456376
"SLC7A5",57.7181208053691
"SLC7A6",92.6174496644295
"SLC7A8",63.758389261745
"SLC8A2",95.9731543624161
"SLC8B1",76.510067114094
"SLC9A3",91.2751677852349
"SLC9A8",54.3624161073826
"SLC9B2",96.6442953020134
"SLCO3A1",89.261744966443
"SLCO4A1",71.8120805369127
"SLF2",82.5503355704698
"SLFN13",55.0335570469799
"SLITRK4",58.3892617449664
"SLITRK5",95.9731543624161
"SLX4",86.5771812080537
"SMAGP",94.6308724832215
"SMDT1",58.3892617449664
"SMIM13",88.5906040268456
"SMIM19",89.261744966443
"SMIM26",95.3020134228188
"SMIM29",92.6174496644295
"SMIM8",76.510067114094
"SMPX",50.3355704697987
"SMURF1",75.1677852348993
"SMYD1",92.6174496644295
"SMYD4",61.744966442953
"SNAI1",91.9463087248322
"SNAI2",78.5234899328859
"SNAP25",63.758389261745
"SNAPC2",69.1275167785235
"SNAPC3",73.8255033557047
"SNAPC4",69.7986577181208
"SNAPC5",75.1677852348993
"SNCAIP",90.6040268456376
"SNCB",93.9597315436242
"SNPH",70.4697986577181
"SNRNP48",61.744966442953
"SNRPB",96.6442953020134
"SNX10",81.2080536912752
"SNX19",62.4161073825503
"SNX20",83.2214765100671
"SNX25",63.0872483221477
"SOCS6",80.5369127516778
"SOWAHA",91.2751677852349
"SOWAHB",71.1409395973154
"SOWAHD",89.9328859060403
"SOX1",93.9597315436242
"SOX13",61.0738255033557
"SOX6",88.5906040268456
"SP140",67.7852348993289
"SP6",82.5503355704698
"SPA17",92.6174496644295
"SPAG5",79.1946308724832
"SPATA13",92.6174496644295
"SPATA18",68.4563758389262
"SPATA2",69.1275167785235
"SPATA21",92.6174496644295
"SPATA2L",78.5234899328859
"SPATA6",96.6442953020134
"SPC24",58.3892617449664
"SPDEF",85.2348993288591
"SPDL1",72.4832214765101
"SPEG",89.9328859060403
"SPHK1",80.5369127516778
"SPHK2",71.8120805369127
"SPIN2A",91.9463087248322
"SPIN3",97.9865771812081
"SPINDOC",75.8389261744966
"SPIRE1",88.5906040268456
"SPNS2",65.7718120805369
"SPOCK1",77.8523489932886
"SPOCK3",96.6442953020134
"SPOP",92.6174496644295
"SPRED1",80.5369127516778
"SPRED2",95.3020134228188
"SPRR2A",95.9731543624161
"SPRR2D",87.248322147651
"SPRTN",72.4832214765101
"SPRY1",72.4832214765101
"SPRY2",91.9463087248322
"SPRY3",96.6442953020134
"SPSB4",78.5234899328859
"SPTLC3",85.9060402684564
"SRCAP",84.5637583892617
"SREBF1",71.1409395973154
"SREBF2",81.8791946308725
"SRGAP3",61.0738255033557
"SRMS",96.6442953020134
"SRSF12",89.9328859060403
"SS18L1",56.3758389261745
"SS18L2",88.5906040268456
"SSBP2",53.0201342281879
"SSPN",58.3892617449664
"SSX2IP",85.9060402684564
"ST3GAL2",93.9597315436242
"ST8SIA3",84.5637583892617
"STAB2",75.1677852348993
"STAP1",75.8389261744966
"STARD3NL",92.6174496644295
"STARD4",96.6442953020134
"STC2",50.3355704697987
"STEAP1",91.9463087248322
"STK16",61.0738255033557
"STK17A",51.6778523489933
"STK19",83.8926174496644
"STK35",62.4161073825503
"STMN2",53.0201342281879
"STMN3",84.5637583892617
"STOML1",91.2751677852349
"STOML3",97.9865771812081
"STOX2",95.9731543624161
"STRA6",59.0604026845638
"STRIP2",77.8523489932886
"STYX",79.1946308724832
"SULT1C4",95.9731543624161
"SUMO4",72.4832214765101
"SUPT3H",65.7718120805369
"SUSD5",85.2348993288591
"SUV39H1",96.6442953020134
"SUV39H2",87.248322147651
"SV2A",81.2080536912752
"SWI5",95.9731543624161
"SWSAP1",96.6442953020134
"SYBU",89.261744966443
"SYCE1",73.1543624161074
"SYT1",75.1677852348993
"SYT13",56.3758389261745
"SYT17",80.5369127516778
"SYT5",80.5369127516778
"SYT8",81.8791946308725
"TAC1",90.6040268456376
"TAC3",95.9731543624161
"TAF13",95.9731543624161
"TAF1C",73.1543624161074
"TAF9",69.7986577181208
"TAF9B",69.7986577181208
"TAZ",83.8926174496644
"TBC1D12",83.2214765100671
"TBC1D16",51.6778523489933
"TBC1D25",51.006711409396
"TBC1D31",63.0872483221477
"TBC1D32",84.5637583892617
"TBCCD1",96.6442953020134
"TBKBP1",90.6040268456376
"TBP",70.4697986577181
"TBPL1",53.0201342281879
"TBX15",95.3020134228188
"TBX2",69.1275167785235
"TCAF2",92.6174496644295
"TCEA2",65.7718120805369
"TCEAL2",86.5771812080537
"TCEAL6",85.9060402684564
"TCEAL7",66.4429530201342
"TCEAL8",74.496644295302
"TCEAL9",55.7046979865772
"TCEANC2",81.8791946308725
"TCF7",72.4832214765101
"TCHP",59.7315436241611
"TCIM",93.9597315436242
"TCP11L2",65.1006711409396
"TCTN1",79.8657718120805
"TCTN2",95.9731543624161
"TCTN3",73.8255033557047
"TEAD4",96.6442953020134
"TEC",63.0872483221477
"TEF",71.1409395973154
"TEK",95.9731543624161
"TENM2",75.1677852348993
"TENT2",63.0872483221477
"TENT4A",65.1006711409396
"TEPSIN",61.0738255033557
"TESK1",89.9328859060403
"TESK2",91.2751677852349
"TEX30",59.7315436241611
"TFAP2C",91.2751677852349
"TFEC",84.5637583892617
"TFPI2",73.8255033557047
"TFPT",90.6040268456376
"TGDS",96.6442953020134
"TGFBR1",53.0201342281879
"TGFBR3",51.006711409396
"TGIF1",79.1946308724832
"TGM1",95.3020134228188
"THAP10",96.6442953020134
"THAP12",51.6778523489933
"THAP9",81.8791946308725
"THNSL2",52.3489932885906
"THRA",96.6442953020134
"THRB",93.9597315436242
"THUMPD2",60.4026845637584
"TIAM2",92.6174496644295
"TICAM1",61.744966442953
"TICAM2",93.9597315436242
"TIE1",63.758389261745
"TIFAB",95.9731543624161
"TIGD2",86.5771812080537
"TIMELESS",65.1006711409396
"TIMM17A",55.7046979865772
"TINAG",59.0604026845638
"TINF2",51.6778523489933
"TIPIN",75.1677852348993
"TIRAP",92.6174496644295
"TKTL1",91.9463087248322
"TLCD4",61.0738255033557
"TLE2",77.1812080536913
"TLE4",64.4295302013423
"TLR1",57.7181208053691
"TLR5",90.6040268456376
"TLR8",56.3758389261745
"TM2D1",92.6174496644295
"TM2D2",96.6442953020134
"TM2D3",53.6912751677852
"TM4SF18",96.6442953020134
"TM4SF20",93.9597315436242
"TM4SF5",85.9060402684564
"TM6SF1",83.8926174496644
"TM6SF2",95.3020134228188
"TM7SF3",55.0335570469799
"TMA7",65.1006711409396
"TMC6",77.1812080536913
"TMC7",90.6040268456376
"TMCO6",87.248322147651
"TMEM101",87.248322147651
"TMEM104",96.6442953020134
"TMEM106A",75.8389261744966
"TMEM126B",65.7718120805369
"TMEM127",76.510067114094
"TMEM131L",74.496644295302
"TMEM141",85.2348993288591
"TMEM143",93.9597315436242
"TMEM154",78.5234899328859
"TMEM161B",91.2751677852349
"TMEM163",65.1006711409396
"TMEM17",89.261744966443
"TMEM175",83.8926174496644
"TMEM176B",69.1275167785235
"TMEM184B",61.0738255033557
"TMEM185B",92.6174496644295
"TMEM186",96.6442953020134
"TMEM204",84.5637583892617
"TMEM219",71.8120805369127
"TMEM229A",81.8791946308725
"TMEM231",83.2214765100671
"TMEM237",85.9060402684564
"TMEM243",67.7852348993289
"TMEM254",76.510067114094
"TMEM259",81.8791946308725
"TMEM26",95.9731543624161
"TMEM260",83.8926174496644
"TMEM267",94.6308724832215
"TMEM35A",81.8791946308725
"TMEM38B",72.4832214765101
"TMEM40",93.9597315436242
"TMEM44",95.9731543624161
"TMEM45A",96.6442953020134
"TMEM50A",89.261744966443
"TMEM64",95.9731543624161
"TMEM67",91.2751677852349
"TMEM72",93.9597315436242
"TMEM86A",90.6040268456376
"TMEM88",96.6442953020134
"TMEM9",73.8255033557047
"TMEM94",88.5906040268456
"TMPRSS13",89.261744966443
"TMTC2",81.2080536912752
"TMTC4",70.4697986577181
"TNFRSF10A",83.8926174496644
"TNFRSF10C",58.3892617449664
"TNFRSF11B",63.0872483221477
"TNFRSF14",61.0738255033557
"TNFRSF18",96.6442953020134
"TNFSF13B",74.496644295302
"TNFSF4",63.758389261745
"TNK1",50.3355704697987
"TNKS",56.3758389261745
"TNKS2",85.9060402684564
"TNR",92.6174496644295
"TOB1",85.2348993288591
"TOB2",85.9060402684564
"TOGARAM1",67.1140939597315
"TOMM40L",96.6442953020134
"TOMM7",65.7718120805369
"TOPORS",81.8791946308725
"TOX",78.5234899328859
"TOX2",93.9597315436242
"TP53I13",96.6442953020134
"TP63",79.1946308724832
"TPGS1",90.6040268456376
"TPGS2",71.1409395973154
"TPRX1",84.5637583892617
"TPSAB1",95.3020134228188
"TRAC",85.9060402684564
"TRAF3IP2",69.1275167785235
"TRAJ61",75.8389261744966
"TRAK1",67.1140939597315
"TRAK2",74.496644295302
"TRBV3.1",87.248322147651
"TRDMT1",79.8657718120805
"TREH",81.8791946308725
"TREM1",71.8120805369127
"TREM2",57.0469798657718
"TREML1",82.5503355704698
"TRIM13",65.7718120805369
"TRIM15",75.8389261744966
"TRIM37",65.1006711409396
"TRIM44",82.5503355704698
"TRIM58",79.8657718120805
"TRIM62",81.8791946308725
"TRIM66",97.9865771812081
"TRIM68",53.0201342281879
"TRIM72",93.9597315436242
"TRIM8",83.8926174496644
"TRIM9",85.9060402684564
"TRIQK",71.1409395973154
"TRMT10B",95.9731543624161
"TRMT2B",80.5369127516778
"TRPC4AP",72.4832214765101
"TRPM2",89.261744966443
"TRPM7",53.0201342281879
"TRUB2",70.4697986577181
"TSEN2",76.510067114094
"TSHZ1",69.7986577181208
"TSHZ2",53.0201342281879
"TSHZ3",85.9060402684564
"TSNARE1",73.8255033557047
"TSPAN2",95.9731543624161
"TSPAN33",89.9328859060403
"TSPAN4",63.0872483221477
"TSPYL1",55.0335570469799
"TSPYL2",94.6308724832215
"TSPYL4",87.9194630872483
"TSTD2",64.4295302013423
"TTBK2",90.6040268456376
"TTC31",73.8255033557047
"TTF1",51.6778523489933
"TTK",63.758389261745
"TTL",57.7181208053691
"TUB",67.1140939597315
"TUBB8",60.4026845637584
"TUBE1",71.8120805369127
"TUBG2",96.6442953020134
"TUSC1",66.4429530201342
"TWNK",70.4697986577181
"TXNDC15",79.1946308724832
"TXNDC16",79.8657718120805
"TYMS",61.0738255033557
"TYSND1",74.496644295302
"U2AF1L4",62.4161073825503
"UBALD1",66.4429530201342
"UBALD2",81.8791946308725
"UBASH3A",90.6040268456376
"UBE2D2",95.9731543624161
"UBE2J2",86.5771812080537
"UBE2S",69.1275167785235
"UBE3D",87.9194630872483
"UBIAD1",55.0335570469799
"UBL3",55.0335570469799
"UBOX5",67.1140939597315
"UBTD1",85.2348993288591
"UBTD2",53.6912751677852
"UBXN10",95.9731543624161
"UBXN11",53.0201342281879
"UCP2",91.9463087248322
"UFSP1",56.3758389261745
"UGCG",61.744966442953
"UGT1A1",79.8657718120805
"UGT1A5",96.6442953020134
"UGT2B15",89.9328859060403
"UGT2B7",63.758389261745
"ULK1",73.8255033557047
"ULK4",96.6442953020134
"UNC5C",90.6040268456376
"UPK1B",75.8389261744966
"UPK3B",89.261744966443
"USB1",77.1812080536913
"USHBP1",91.9463087248322
"USP1",62.4161073825503
"USP12",62.4161073825503
"USP18",81.8791946308725
"USP31",65.1006711409396
"USP35",67.7852348993289
"USP37",90.6040268456376
"USP38",61.744966442953
"USP42",67.7852348993289
"USP43",78.5234899328859
"USP45",84.5637583892617
"USP46",53.6912751677852
"UST",88.5906040268456
"UTY",81.8791946308725
"VANGL2",93.9597315436242
"VCPKMT",85.9060402684564
"VEGFA",50.3355704697987
"VGLL3",81.8791946308725
"VHL",84.5637583892617
"VIT",92.6174496644295
"VMA21",57.0469798657718
"VMAC",60.4026845637584
"VMO1",96.6442953020134
"VOPP1",96.6442953020134
"VPS9D1",79.1946308724832
"VSIG10",83.2214765100671
"VSTM1",84.5637583892617
"VSTM2A",95.3020134228188
"VSTM2L",74.496644295302
"VTCN1",79.1946308724832
"VWA3B",76.510067114094
"WASF1",61.744966442953
"WASF3",85.2348993288591
"WBP1L",81.2080536912752
"WDCP",74.496644295302
"WDR25",69.7986577181208
"WDR34",81.2080536912752
"WDR53",77.8523489932886
"WDR62",69.7986577181208
"WDR76",75.8389261744966
"WDR87",59.7315436241611
"WDYHV1",53.6912751677852
"WEE1",68.4563758389262
"WHRN",78.5234899328859
"WNT2B",79.8657718120805
"WRAP73",55.0335570469799
"WTIP",82.5503355704698
"WWC2",52.3489932885906
"XAGE2",88.5906040268456
"XBP1",95.9731543624161
"XPNPEP2",79.1946308724832
"XRCC2",96.6442953020134
"XRCC3",96.6442953020134
"YBX2",81.2080536912752
"YIF1B",68.4563758389262
"YIPF2",54.3624161073826
"YY1AP1",92.6174496644295
"ZBED3",90.6040268456376
"ZBED4",96.6442953020134
"ZBED5",67.1140939597315
"ZBED8",67.7852348993289
"ZBP1",68.4563758389262
"ZBTB10",63.758389261745
"ZBTB12",74.496644295302
"ZBTB16",78.5234899328859
"ZBTB17",68.4563758389262
"ZBTB24",72.4832214765101
"ZBTB34",95.9731543624161
"ZBTB38",71.8120805369127
"ZBTB41",56.3758389261745
"ZBTB42",96.6442953020134
"ZBTB43",71.8120805369127
"ZBTB48",71.8120805369127
"ZBTB49",81.8791946308725
"ZBTB5",91.2751677852349
"ZBTB9",51.006711409396
"ZC3H10",81.2080536912752
"ZC3H11B",91.9463087248322
"ZC3H12C",83.2214765100671
"ZC3H12D",84.5637583892617
"ZC3H6",50.3355704697987
"ZCCHC10",75.8389261744966
"ZCCHC14",65.1006711409396
"ZCCHC2",64.4295302013423
"ZCCHC4",82.5503355704698
"ZDBF2",82.5503355704698
"ZDHHC12",96.6442953020134
"ZDHHC2",67.1140939597315
"ZDHHC21",85.2348993288591
"ZDHHC24",95.3020134228188
"ZDHHC8",89.9328859060403
"ZFHX4",68.4563758389262
"ZFP3",70.4697986577181
"ZFP36",96.6442953020134
"ZFP91",93.2885906040269
"ZFPM2",90.6040268456376
"ZFX",93.2885906040269
"ZFYVE28",88.5906040268456
"ZGPAT",53.0201342281879
"ZKSCAN3",85.2348993288591
"ZKSCAN4",78.5234899328859
"ZKSCAN7",93.9597315436242
"ZKSCAN8",79.8657718120805
"ZMAT3",57.0469798657718
"ZMAT5",95.9731543624161
"ZMYM1",69.1275167785235
"ZNF114",93.2885906040269
"ZNF12",84.5637583892617
"ZNF131",53.0201342281879
"ZNF133",96.6442953020134
"ZNF134",63.758389261745
"ZNF142",96.6442953020134
"ZNF146",69.1275167785235
"ZNF174",85.9060402684564
"ZNF18",64.4295302013423
"ZNF184",53.0201342281879
"ZNF189",81.8791946308725
"ZNF195",91.2751677852349
"ZNF202",96.6442953020134
"ZNF219",85.9060402684564
"ZNF260",80.5369127516778
"ZNF263",86.5771812080537
"ZNF264",93.9597315436242
"ZNF267",66.4429530201342
"ZNF275",95.3020134228188
"ZNF277",71.1409395973154
"ZNF280D",73.8255033557047
"ZNF282",77.8523489932886
"ZNF302",84.5637583892617
"ZNF317",77.1812080536913
"ZNF32",85.2348993288591
"ZNF320",93.2885906040269
"ZNF331",85.2348993288591
"ZNF333",96.6442953020134
"ZNF358",71.1409395973154
"ZNF362",61.744966442953
"ZNF385A",56.3758389261745
"ZNF391",78.5234899328859
"ZNF394",89.261744966443
"ZNF395",65.1006711409396
"ZNF397",92.6174496644295
"ZNF407",68.4563758389262
"ZNF408",83.8926174496644
"ZNF410",70.4697986577181
"ZNF417",86.5771812080537
"ZNF420",96.6442953020134
"ZNF423",61.0738255033557
"ZNF441",95.9731543624161
"ZNF444",81.8791946308725
"ZNF462",51.006711409396
"ZNF468",85.2348993288591
"ZNF469",53.6912751677852
"ZNF511",86.5771812080537
"ZNF521",61.0738255033557
"ZNF524",81.8791946308725
"ZNF526",61.744966442953
"ZNF543",94.6308724832215
"ZNF551",95.9731543624161
"ZNF552",96.6442953020134
"ZNF568",75.8389261744966
"ZNF580",89.9328859060403
"ZNF581",92.6174496644295
"ZNF593",64.4295302013423
"ZNF597",88.5906040268456
"ZNF623",67.1140939597315
"ZNF639",60.4026845637584
"ZNF641",96.6442953020134
"ZNF649",85.2348993288591
"ZNF655",57.7181208053691
"ZNF658",77.8523489932886
"ZNF660",91.9463087248322
"ZNF672",66.4429530201342
"ZNF688",55.7046979865772
"ZNF689",76.510067114094
"ZNF691",60.4026845637584
"ZNF699",91.2751677852349
"ZNF7",95.9731543624161
"ZNF704",58.3892617449664
"ZNF74",90.6040268456376
"ZNF76",87.248322147651
"ZNF771",82.5503355704698
"ZNF783",96.6442953020134
"ZNF784",53.6912751677852
"ZNF792",64.4295302013423
"ZNF8",51.6778523489933
"ZNF821",95.9731543624161
"ZNF845",74.496644295302
"ZNF865",73.8255033557047
"ZNHIT1",52.3489932885906
"ZNHIT3",81.2080536912752
"ZNRD1",77.8523489932886
"ZRANB3",96.6442953020134
"ZRSR2",67.1140939597315
"ZSCAN2",82.5503355704698
"ZSCAN21",88.5906040268456
"ZSCAN25",95.9731543624161
"ZSCAN26",90.6040268456376
"ZSCAN31",93.2885906040269
"ZSWIM7",93.9597315436242
"ZSWIM9",87.9194630872483
"ZWINT",89.261744966443
"ZXDC",87.248322147651
